{
    "items": [
        {
            "Name": "Background",
            "TextColor": {
                "r": 1.0,
                "g": 1.0,
                "b": 1.0,
                "a": 1.0
            },
            "IsGradientBackground": false,
            "BackgroundColor": {
                "r": 0.662064254283905,
                "g": 0.25485047698020937,
                "b": 0.7830188870429993,
                "a": 1.0
            },
            "BackgroundGradient": {
                "serializedVersion": "2",
                "key0": {
                    "r": 0.5818533301353455,
                    "g": 0.3063812851905823,
                    "b": 0.7641509771347046,
                    "a": 1.0
                },
                "key1": {
                    "r": 0.8246513605117798,
                    "g": 0.6911267638206482,
                    "b": 0.8773584961891174,
                    "a": 1.0
                },
                "key2": {
                    "r": 0.6678580045700073,
                    "g": 0.5173994302749634,
                    "b": 0.7264150977134705,
                    "a": 0.0
                },
                "key3": {
                    "r": 0.0,
                    "g": 0.0,
                    "b": 0.0,
                    "a": 0.0
                },
                "key4": {
                    "r": 0.0,
                    "g": 0.0,
                    "b": 0.0,
                    "a": 0.0
                },
                "key5": {
                    "r": 0.0,
                    "g": 0.0,
                    "b": 0.0,
                    "a": 0.0
                },
                "key6": {
                    "r": 0.0,
                    "g": 0.0,
                    "b": 0.0,
                    "a": 0.0
                },
                "key7": {
                    "r": 0.0,
                    "g": 0.0,
                    "b": 0.0,
                    "a": 0.0
                },
                "ctime0": 0,
                "ctime1": 65535,
                "ctime2": 65535,
                "ctime3": 0,
                "ctime4": 0,
                "ctime5": 0,
                "ctime6": 0,
                "ctime7": 0,
                "atime0": 0,
                "atime1": 65535,
                "atime2": 0,
                "atime3": 0,
                "atime4": 0,
                "atime5": 0,
                "atime6": 0,
                "atime7": 0,
                "m_Mode": 0,
                "m_ColorSpace": 0,
                "m_NumColorKeys": 2,
                "m_NumAlphaKeys": 2
            },
            "FontSize": 12,
            "FontStyle": 1,
            "TextAnchor": 1,
            "ImageType": 9
        },
        {
            "Name": "Game Backend",
            "TextColor": {
                "r": 1.0,
                "g": 1.0,
                "b": 1.0,
                "a": 1.0
            },
            "IsGradientBackground": false,
            "BackgroundColor": {
                "r": 0.2978372871875763,
                "g": 0.6146396994590759,
                "b": 0.9150943160057068,
                "a": 1.0
            },
            "BackgroundGradient": {
                "serializedVersion": "2",
                "key0": {
                    "r": 1.0,
                    "g": 1.0,
                    "b": 1.0,
                    "a": 1.0
                },
                "key1": {
                    "r": 1.0,
                    "g": 1.0,
                    "b": 1.0,
                    "a": 1.0
                },
                "key2": {
                    "r": 0.0,
                    "g": 0.0,
                    "b": 0.0,
                    "a": 0.0
                },
                "key3": {
                    "r": 0.0,
                    "g": 0.0,
                    "b": 0.0,
                    "a": 0.0
                },
                "key4": {
                    "r": 0.0,
                    "g": 0.0,
                    "b": 0.0,
                    "a": 0.0
                },
                "key5": {
                    "r": 0.0,
                    "g": 0.0,
                    "b": 0.0,
                    "a": 0.0
                },
                "key6": {
                    "r": 0.0,
                    "g": 0.0,
                    "b": 0.0,
                    "a": 0.0
                },
                "key7": {
                    "r": 0.0,
                    "g": 0.0,
                    "b": 0.0,
                    "a": 0.0
                },
                "ctime0": 0,
                "ctime1": 65535,
                "ctime2": 0,
                "ctime3": 0,
                "ctime4": 0,
                "ctime5": 0,
                "ctime6": 0,
                "ctime7": 0,
                "atime0": 0,
                "atime1": 65535,
                "atime2": 0,
                "atime3": 0,
                "atime4": 0,
                "atime5": 0,
                "atime6": 0,
                "atime7": 0,
                "m_Mode": 0,
                "m_ColorSpace": -1,
                "m_NumColorKeys": 2,
                "m_NumAlphaKeys": 2
            },
            "FontSize": 12,
            "FontStyle": 1,
            "TextAnchor": 1,
            "ImageType": 9
        },
        {
            "Name": "Game Runtime",
            "TextColor": {
                "r": 1.0,
                "g": 1.0,
                "b": 1.0,
                "a": 1.0
            },
            "IsGradientBackground": false,
            "BackgroundColor": {
                "r": 0.21306513249874116,
                "g": 0.7924528121948242,
                "b": 0.27619045972824099,
                "a": 1.0
            },
            "BackgroundGradient": {
                "serializedVersion": "2",
                "key0": {
                    "r": 1.0,
                    "g": 1.0,
                    "b": 1.0,
                    "a": 1.0
                },
                "key1": {
                    "r": 1.0,
                    "g": 1.0,
                    "b": 1.0,
                    "a": 1.0
                },
                "key2": {
                    "r": 0.0,
                    "g": 0.0,
                    "b": 0.0,
                    "a": 0.0
                },
                "key3": {
                    "r": 0.0,
                    "g": 0.0,
                    "b": 0.0,
                    "a": 0.0
                },
                "key4": {
                    "r": 0.0,
                    "g": 0.0,
                    "b": 0.0,
                    "a": 0.0
                },
                "key5": {
                    "r": 0.0,
                    "g": 0.0,
                    "b": 0.0,
                    "a": 0.0
                },
                "key6": {
                    "r": 0.0,
                    "g": 0.0,
                    "b": 0.0,
                    "a": 0.0
                },
                "key7": {
                    "r": 0.0,
                    "g": 0.0,
                    "b": 0.0,
                    "a": 0.0
                },
                "ctime0": 0,
                "ctime1": 65535,
                "ctime2": 0,
                "ctime3": 0,
                "ctime4": 0,
                "ctime5": 0,
                "ctime6": 0,
                "ctime7": 0,
                "atime0": 0,
                "atime1": 65535,
                "atime2": 0,
                "atime3": 0,
                "atime4": 0,
                "atime5": 0,
                "atime6": 0,
                "atime7": 0,
                "m_Mode": 0,
                "m_ColorSpace": -1,
                "m_NumColorKeys": 2,
                "m_NumAlphaKeys": 2
            },
            "FontSize": 12,
            "FontStyle": 1,
            "TextAnchor": 1,
            "ImageType": 9
        }
    ]
}